,Location,Predicted_tempmax
0,Austin,81.78760538294797
1,Chicago,40.1540657109218
2,Miami,86.3194514691862
3,New York,46.42192614724676
